{"door_max":13,"parts":[{"name":"light_window","positions":[[0.0,0.0]],"mirror":false,"stage":"LIGHTS","skip_rendering_if_too_far":false,"door_offset":"NONE","render_condition":"ALL","whitelisted_cars":"","blacklisted_cars":""},{"name":"light_window","positions":[[0.0,0.0]],"mirror":true,"stage":"LIGHTS","skip_rendering_if_too_far":false,"door_offset":"NONE","render_condition":"ALL","whitelisted_cars":"","blacklisted_cars":""},{"name":"window","positions":[[0.0,0.0]],"mirror":false,"stage":"INTERIOR","skip_rendering_if_too_far":false,"door_offset":"NONE","render_condition":"ALL","whitelisted_cars":"","blacklisted_cars":""},{"name":"window","positions":[[0.0,0.0]],"mirror":true,"stage":"INTERIOR","skip_rendering_if_too_far":false,"door_offset":"NONE","render_condition":"ALL","whitelisted_cars":"","blacklisted_cars":""},{"name":"roof_door_exterior","positions":[[0.0,40.0],[0.0,-40.0]],"mirror":false,"stage":"EXTERIOR","skip_rendering_if_too_far":false,"door_offset":"NONE","render_condition":"ALL","whitelisted_cars":"","blacklisted_cars":""},{"name":"roof_door_exterior","positions":[[0.0,40.0],[0.0,-40.0]],"mirror":true,"stage":"EXTERIOR","skip_rendering_if_too_far":false,"door_offset":"NONE","render_condition":"ALL","whitelisted_cars":"","blacklisted_cars":""},{"name":"window_handrails","positions":[[0.0,0.0]],"mirror":true,"stage":"INTERIOR","skip_rendering_if_too_far":true,"door_offset":"NONE","render_condition":"ALL","whitelisted_cars":"","blacklisted_cars":""},{"name":"window_handrails","positions":[[0.0,0.0]],"mirror":true,"stage":"INTERIOR","skip_rendering_if_too_far":true,"door_offset":"NONE","render_condition":"ALL","whitelisted_cars":"","blacklisted_cars":""},{"name":"roof_window","positions":[[0.0,0.0]],"mirror":false,"stage":"INTERIOR","skip_rendering_if_too_far":true,"door_offset":"NONE","render_condition":"ALL","whitelisted_cars":"","blacklisted_cars":""},{"name":"roof_window","positions":[[0.0,0.0]],"mirror":true,"stage":"INTERIOR","skip_rendering_if_too_far":true,"door_offset":"NONE","render_condition":"ALL","whitelisted_cars":"","blacklisted_cars":""},{"name":"side_panel","positions":[[0.0,0.0]],"mirror":false,"stage":"INTERIOR","skip_rendering_if_too_far":false,"door_offset":"NONE","render_condition":"ALL","whitelisted_cars":"","blacklisted_cars":""},{"name":"side_panel","positions":[[0.0,0.0]],"mirror":true,"stage":"INTERIOR","skip_rendering_if_too_far":false,"door_offset":"NONE","render_condition":"ALL","whitelisted_cars":"","blacklisted_cars":""},{"name":"top_handrail","positions":[[0.0,0.0]],"mirror":false,"stage":"INTERIOR","skip_rendering_if_too_far":false,"door_offset":"NONE","render_condition":"ALL","whitelisted_cars":"","blacklisted_cars":""},{"name":"top_handrail","positions":[[0.0,0.0]],"mirror":true,"stage":"INTERIOR","skip_rendering_if_too_far":false,"door_offset":"NONE","render_condition":"ALL","whitelisted_cars":"","blacklisted_cars":""},{"name":"window_exterior","positions":[[0.0,0.0]],"mirror":false,"stage":"EXTERIOR","skip_rendering_if_too_far":false,"door_offset":"NONE","render_condition":"ALL","whitelisted_cars":"","blacklisted_cars":""},{"name":"window_exterior","positions":[[0.0,0.0]],"mirror":true,"stage":"EXTERIOR","skip_rendering_if_too_far":false,"door_offset":"NONE","render_condition":"ALL","whitelisted_cars":"","blacklisted_cars":""},{"name":"roof_exterior","positions":[[0.0,0.0]],"mirror":false,"stage":"EXTERIOR","skip_rendering_if_too_far":false,"door_offset":"NONE","render_condition":"ALL","whitelisted_cars":"","blacklisted_cars":""},{"name":"roof_exterior","positions":[[0.0,0.0]],"mirror":true,"stage":"EXTERIOR","skip_rendering_if_too_far":false,"door_offset":"NONE","render_condition":"ALL","whitelisted_cars":"","blacklisted_cars":""},{"name":"light_door","positions":[[0.0,40.0],[0.0,-40.0]],"mirror":false,"stage":"LIGHTS","skip_rendering_if_too_far":false,"door_offset":"NONE","render_condition":"ALL","whitelisted_cars":"","blacklisted_cars":""},{"name":"light_door","positions":[[0.0,40.0],[0.0,-40.0]],"mirror":true,"stage":"LIGHTS","skip_rendering_if_too_far":false,"door_offset":"NONE","render_condition":"ALL","whitelisted_cars":"","blacklisted_cars":""},{"name":"door","positions":[[0.0,40.0],[0.0,-40.0]],"mirror":false,"stage":"INTERIOR","skip_rendering_if_too_far":false,"door_offset":"NONE","render_condition":"ALL","whitelisted_cars":"","blacklisted_cars":""},{"name":"door","positions":[[0.0,40.0],[0.0,-40.0]],"mirror":true,"stage":"INTERIOR","skip_rendering_if_too_far":false,"door_offset":"NONE","render_condition":"ALL","whitelisted_cars":"","blacklisted_cars":""},{"name":"door_left","positions":[[0.0,40.0],[0.0,-40.0]],"mirror":true,"stage":"INTERIOR","skip_rendering_if_too_far":false,"door_offset":"LEFT_POSITIVE","render_condition":"ALL","whitelisted_cars":"","blacklisted_cars":""},{"name":"door_left","positions":[[0.0,40.0],[0.0,-40.0]],"mirror":false,"stage":"INTERIOR","skip_rendering_if_too_far":false,"door_offset":"RIGHT_POSITIVE","render_condition":"ALL","whitelisted_cars":"","blacklisted_cars":""},{"name":"door_right","positions":[[0.0,40.0],[0.0,-40.0]],"mirror":true,"stage":"INTERIOR","skip_rendering_if_too_far":false,"door_offset":"LEFT_NEGATIVE","render_condition":"ALL","whitelisted_cars":"","blacklisted_cars":""},{"name":"door_right","positions":[[0.0,40.0],[0.0,-40.0]],"mirror":false,"stage":"INTERIOR","skip_rendering_if_too_far":false,"door_offset":"RIGHT_NEGATIVE","render_condition":"ALL","whitelisted_cars":"","blacklisted_cars":""},{"name":"door_handrail","positions":[[0.0,40.0],[0.0,-40.0]],"mirror":false,"stage":"INTERIOR","skip_rendering_if_too_far":true,"door_offset":"NONE","render_condition":"ALL","whitelisted_cars":"","blacklisted_cars":""},{"name":"roof_door","positions":[[0.0,40.0],[0.0,-40.0]],"mirror":false,"stage":"INTERIOR","skip_rendering_if_too_far":true,"door_offset":"NONE","render_condition":"ALL","whitelisted_cars":"","blacklisted_cars":""},{"name":"roof_door","positions":[[0.0,40.0],[0.0,-40.0]],"mirror":true,"stage":"INTERIOR","skip_rendering_if_too_far":true,"door_offset":"NONE","render_condition":"ALL","whitelisted_cars":"","blacklisted_cars":""},{"name":"door_exterior","positions":[[0.0,40.0],[0.0,-40.0]],"mirror":false,"stage":"EXTERIOR","skip_rendering_if_too_far":false,"door_offset":"NONE","render_condition":"ALL","whitelisted_cars":"","blacklisted_cars":""},{"name":"door_exterior","positions":[[0.0,40.0],[0.0,-40.0]],"mirror":true,"stage":"EXTERIOR","skip_rendering_if_too_far":false,"door_offset":"NONE","render_condition":"ALL","whitelisted_cars":"","blacklisted_cars":""},{"name":"door_left_exterior","positions":[[0.0,40.0],[0.0,-40.0]],"mirror":true,"stage":"EXTERIOR","skip_rendering_if_too_far":false,"door_offset":"LEFT_POSITIVE","render_condition":"ALL","whitelisted_cars":"","blacklisted_cars":""},{"name":"door_left_exterior","positions":[[0.0,40.0],[0.0,-40.0]],"mirror":false,"stage":"EXTERIOR","skip_rendering_if_too_far":false,"door_offset":"RIGHT_POSITIVE","render_condition":"ALL","whitelisted_cars":"","blacklisted_cars":""},{"name":"door_right_exterior","positions":[[0.0,40.0],[0.0,-40.0]],"mirror":true,"stage":"EXTERIOR","skip_rendering_if_too_far":false,"door_offset":"LEFT_NEGATIVE","render_condition":"ALL","whitelisted_cars":"","blacklisted_cars":""},{"name":"door_right_exterior","positions":[[0.0,40.0],[0.0,-40.0]],"mirror":false,"stage":"EXTERIOR","skip_rendering_if_too_far":false,"door_offset":"RIGHT_NEGATIVE","render_condition":"ALL","whitelisted_cars":"","blacklisted_cars":""},{"name":"roof_exterior","positions":[[0.0,40.0],[0.0,-40.0]],"mirror":false,"stage":"EXTERIOR","skip_rendering_if_too_far":false,"door_offset":"NONE","render_condition":"ALL","whitelisted_cars":"","blacklisted_cars":""},{"name":"roof_exterior","positions":[[0.0,40.0],[0.0,-40.0]],"mirror":true,"stage":"EXTERIOR","skip_rendering_if_too_far":false,"door_offset":"NONE","render_condition":"ALL","whitelisted_cars":"","blacklisted_cars":""},{"name":"head","positions":[[0.0,-65.0]],"mirror":false,"stage":"INTERIOR","skip_rendering_if_too_far":false,"door_offset":"NONE","render_condition":"ALL","whitelisted_cars":"1,3,5","blacklisted_cars":"%1"},{"name":"bogie","positions":[[0.0,-55.0]],"mirror":false,"stage":"EXTERIOR","skip_rendering_if_too_far":false,"door_offset":"NONE","render_condition":"ALL","whitelisted_cars":"1,3,5","blacklisted_cars":"%1"},{"name":"roof_head","positions":[[0.0,-185.0]],"mirror":false,"stage":"INTERIOR","skip_rendering_if_too_far":true,"door_offset":"NONE","render_condition":"ALL","whitelisted_cars":"1","blacklisted_cars":"%1"},{"name":"head_exterior","positions":[[0.0,-65.0]],"mirror":false,"stage":"EXTERIOR","skip_rendering_if_too_far":false,"door_offset":"NONE","render_condition":"ALL","whitelisted_cars":"1,3,5","blacklisted_cars":"%1"},{"name":"roof_head_exterior","positions":[[0,-185]],"mirror":false,"stage":"EXTERIOR","skip_rendering_if_too_far":false,"door_offset":"NONE","render_condition":"ALL","whitelisted_cars":"1","blacklisted_cars":"%1"},{"name":"light_head","positions":[[0.0,-65.0]],"mirror":false,"stage":"LIGHTS","skip_rendering_if_too_far":false,"door_offset":"NONE","render_condition":"ALL","whitelisted_cars":"1","blacklisted_cars":"%1"},{"name":"head","positions":[[0.0,65.0]],"mirror":true,"stage":"INTERIOR","skip_rendering_if_too_far":false,"door_offset":"NONE","render_condition":"ALL","whitelisted_cars":"-1,2,4,6","blacklisted_cars":"%1"},{"name":"roof_head","positions":[[0.0,185.0]],"mirror":true,"stage":"INTERIOR","skip_rendering_if_too_far":true,"door_offset":"NONE","render_condition":"ALL","whitelisted_cars":"-1","blacklisted_cars":"%1"},{"name":"head_exterior","positions":[[0.0,65.0]],"mirror":true,"stage":"EXTERIOR","skip_rendering_if_too_far":false,"door_offset":"NONE","render_condition":"ALL","whitelisted_cars":"-1,2,4,6","blacklisted_cars":"%1"},{"name":"roof_head_exterior","positions":[[0,185]],"mirror":true,"stage":"EXTERIOR","skip_rendering_if_too_far":false,"door_offset":"NONE","render_condition":"ALL","whitelisted_cars":"-1","blacklisted_cars":"%1"},{"name":"light_head","positions":[[0.0,65.0]],"mirror":true,"stage":"LIGHTS","skip_rendering_if_too_far":false,"door_offset":"NONE","render_condition":"ALL","whitelisted_cars":"-1","blacklisted_cars":"%1"},{"name":"headlights","positions":[[0.0,-65.0]],"mirror":false,"stage":"ALWAYS_ON_LIGHTS","skip_rendering_if_too_far":false,"door_offset":"NONE","render_condition":"MOVING_FORWARDS","whitelisted_cars":"1","blacklisted_cars":"%1"},{"name":"tail_lights","positions":[[0.0,-65.0]],"mirror":false,"stage":"ALWAYS_ON_LIGHTS","skip_rendering_if_too_far":false,"door_offset":"NONE","render_condition":"MOVING_BACKWARDS","whitelisted_cars":"1","blacklisted_cars":"%1"},{"name":"headlights","positions":[[0.0,65.0]],"mirror":true,"stage":"ALWAYS_ON_LIGHTS","skip_rendering_if_too_far":false,"door_offset":"NONE","render_condition":"MOVING_BACKWARDS","whitelisted_cars":"-1","blacklisted_cars":"%1"},{"name":"tail_lights","positions":[[0.0,65.0]],"mirror":true,"stage":"ALWAYS_ON_LIGHTS","skip_rendering_if_too_far":false,"door_offset":"NONE","render_condition":"MOVING_FORWARDS","whitelisted_cars":"-1","blacklisted_cars":"%1"},{"name":"roof_end_light","positions":[[0.0,-64.5]],"mirror":true,"stage":"LIGHTS","skip_rendering_if_too_far":false,"door_offset":"NONE","render_condition":"ALL","whitelisted_cars":"%1","blacklisted_cars":"1"},{"name":"end","positions":[[0.0,-64.5]],"mirror":true,"stage":"INTERIOR","skip_rendering_if_too_far":false,"door_offset":"NONE","render_condition":"ALL","whitelisted_cars":"%1","blacklisted_cars":"1,3,5"},{"name":"roof_end","positions":[[0.0,-64.5]],"mirror":true,"stage":"INTERIOR","skip_rendering_if_too_far":true,"door_offset":"NONE","render_condition":"ALL","whitelisted_cars":"%1","blacklisted_cars":"1"},{"name":"end_exterior","positions":[[0.0,-64.5]],"mirror":true,"stage":"EXTERIOR","skip_rendering_if_too_far":false,"door_offset":"NONE","render_condition":"ALL","whitelisted_cars":"%1","blacklisted_cars":"1,3,5"},{"name":"roof_end_exterior","positions":[[0.0,-64.5]],"mirror":true,"stage":"EXTERIOR","skip_rendering_if_too_far":false,"door_offset":"NONE","render_condition":"ALL","whitelisted_cars":"%1","blacklisted_cars":"1,3,5"},{"name":"roof_end_light","positions":[[0.0,64.5]],"mirror":false,"stage":"LIGHTS","skip_rendering_if_too_far":false,"door_offset":"NONE","render_condition":"ALL","whitelisted_cars":"%1","blacklisted_cars":"-1"},{"name":"end","positions":[[0.0,64.5]],"mirror":false,"stage":"INTERIOR","skip_rendering_if_too_far":false,"door_offset":"NONE","render_condition":"ALL","whitelisted_cars":"%1","blacklisted_cars":"-1,2,4,6"},{"name":"roof_end","positions":[[0.0,64.5]],"mirror":false,"stage":"INTERIOR","skip_rendering_if_too_far":true,"door_offset":"NONE","render_condition":"ALL","whitelisted_cars":"%1","blacklisted_cars":"-1"},{"name":"end_exterior","positions":[[0.0,64.5]],"mirror":false,"stage":"EXTERIOR","skip_rendering_if_too_far":false,"door_offset":"NONE","render_condition":"ALL","whitelisted_cars":"%1","blacklisted_cars":"-1,2,4,6"},{"name":"roof_end_exterior","positions":[[0.0,64.5]],"mirror":false,"stage":"EXTERIOR","skip_rendering_if_too_far":false,"door_offset":"NONE","render_condition":"ALL","whitelisted_cars":"%1","blacklisted_cars":"-1,2,4,6"},{"name":"door_light_exterior_on","positions":[[0.0,-40.0]],"mirror":false,"stage":"EXTERIOR","skip_rendering_if_too_far":false,"door_offset":"NONE","render_condition":"DOORS_OPEN","whitelisted_cars":"","blacklisted_cars":""},{"name":"door_light_exterior_on","positions":[[0.0,40.0]],"mirror":true,"stage":"EXTERIOR","skip_rendering_if_too_far":false,"door_offset":"NONE","render_condition":"DOORS_OPEN","whitelisted_cars":"","blacklisted_cars":""},{"name":"door_light_exterior_off","positions":[[0.0,-40.0]],"mirror":false,"stage":"EXTERIOR","skip_rendering_if_too_far":false,"door_offset":"NONE","render_condition":"DOORS_CLOSED","whitelisted_cars":"","blacklisted_cars":""},{"name":"door_light_exterior_off","positions":[[0.0,40.0]],"mirror":true,"stage":"EXTERIOR","skip_rendering_if_too_far":false,"door_offset":"NONE","render_condition":"DOORS_CLOSED","whitelisted_cars":"","blacklisted_cars":""},{"name":"bogie","stage":"EXTERIOR","mirror":false,"skip_rendering_if_too_far":false,"door_offset":"NONE","render_condition":"ALL","positions":[[0.0,-95.0]],"whitelisted_cars":"","blacklisted_cars":"1,3,5"},{"name":"bogie","stage":"EXTERIOR","mirror":false,"skip_rendering_if_too_far":false,"door_offset":"NONE","render_condition":"ALL","positions":[[0.0,22.0]],"whitelisted_cars":"2,4,6","blacklisted_cars":"%1"},{"name":"gangway","stage":"INTERIOR","mirror":false,"skip_rendering_if_too_far":false,"door_offset":"NONE","render_condition":"ALL","positions":[[0.0,80.0]],"whitelisted_cars":"","blacklisted_cars":"2,4,6"},{"name":"gangway_exterior","stage":"EXTERIOR","mirror":false,"skip_rendering_if_too_far":false,"door_offset":"NONE","render_condition":"ALL","positions":[[0.0,80.0]],"whitelisted_cars":"","blacklisted_cars":"2,4,6"},{"name":"coupler_coupled","stage":"EXTERIOR","mirror":false,"skip_rendering_if_too_far":false,"door_offset":"NONE","render_condition":"ALL","positions":[[0.0,-60.5]],"whitelisted_cars":"","blacklisted_cars":""},{"name":"coupler_coupled","stage":"EXTERIOR","mirror":true,"skip_rendering_if_too_far":false,"door_offset":"NONE","render_condition":"ALL","positions":[[0.0,60.5]],"whitelisted_cars":"","blacklisted_cars":""},{"name":"seat3","stage":"INTERIOR","mirror":false,"skip_rendering_if_too_far":false,"door_offset":"NONE","render_condition":"ALL","positions":[[-12.0,18.0]],"whitelisted_cars":"","blacklisted_cars":"1,3,5"},{"name":"seat4","stage":"INTERIOR","mirror":true,"skip_rendering_if_too_far":false,"door_offset":"NONE","render_condition":"ALL","positions":[[12.0,2.0]],"whitelisted_cars":"","blacklisted_cars":"1,3,5"},{"name":"seat2","stage":"INTERIOR","mirror":false,"skip_rendering_if_too_far":false,"door_offset":"NONE","render_condition":"ALL","positions":[[0.0,-14.0]],"whitelisted_cars":"","blacklisted_cars":"1,3,5"},{"name":"seat_aircon","stage":"INTERIOR","mirror":false,"skip_rendering_if_too_far":false,"door_offset":"NONE","render_condition":"ALL","positions":[[-12.0,18.0],[-12.0,2.0]],"whitelisted_cars":"","blacklisted_cars":"1,3,5"},{"name":"seat_aircon","stage":"INTERIOR","mirror":true,"skip_rendering_if_too_far":false,"door_offset":"NONE","render_condition":"ALL","positions":[[-12.0,18.0],[-12.0,2.0]],"whitelisted_cars":"","blacklisted_cars":"1,3,5"},{"name":"seat2","stage":"INTERIOR","mirror":true,"skip_rendering_if_too_far":false,"door_offset":"NONE","render_condition":"ALL","positions":[[0.0,-14.0]],"whitelisted_cars":"","blacklisted_cars":"1,3,5"},{"name":"seat3","stage":"INTERIOR","mirror":true,"skip_rendering_if_too_far":false,"door_offset":"NONE","render_condition":"ALL","positions":[[-12.0,2.0]],"whitelisted_cars":"","blacklisted_cars":"1,3,5"},{"name":"seat4","stage":"INTERIOR","mirror":false,"skip_rendering_if_too_far":false,"door_offset":"NONE","render_condition":"ALL","positions":[[12.0,18.0]],"whitelisted_cars":"","blacklisted_cars":"1,3,5"},{"name":"seat3","stage":"INTERIOR","mirror":false,"skip_rendering_if_too_far":false,"door_offset":"NONE","render_condition":"ALL","positions":[[-12.0,-2.0]],"whitelisted_cars":"","blacklisted_cars":"2,4,6"},{"name":"seat4","stage":"INTERIOR","mirror":true,"skip_rendering_if_too_far":false,"door_offset":"NONE","render_condition":"ALL","positions":[[12.0,-18.0]],"whitelisted_cars":"","blacklisted_cars":"2,4,6"},{"name":"seat2","stage":"INTERIOR","mirror":false,"skip_rendering_if_too_far":false,"door_offset":"NONE","render_condition":"ALL","positions":[[0.0,14.0]],"whitelisted_cars":"","blacklisted_cars":"2,4,6"},{"name":"seat_aircon","stage":"INTERIOR","mirror":false,"skip_rendering_if_too_far":false,"door_offset":"NONE","render_condition":"ALL","positions":[[-12.0,-18.0],[-12.0,-2.0]],"whitelisted_cars":"","blacklisted_cars":"2,4,6"},{"name":"seat_aircon","stage":"INTERIOR","mirror":true,"skip_rendering_if_too_far":false,"door_offset":"NONE","render_condition":"ALL","positions":[[-12.0,-18.0],[-12.0,-2.0]],"whitelisted_cars":"","blacklisted_cars":"2,4,6"},{"name":"seat3","stage":"INTERIOR","mirror":true,"skip_rendering_if_too_far":false,"door_offset":"NONE","render_condition":"ALL","positions":[[-12.0,-18.0]],"whitelisted_cars":"","blacklisted_cars":"2,4,6"},{"name":"seat4","stage":"INTERIOR","mirror":false,"skip_rendering_if_too_far":false,"door_offset":"NONE","render_condition":"ALL","positions":[[12.0,-2.0]],"whitelisted_cars":"","blacklisted_cars":"2,4,6"},{"name":"seat2","stage":"INTERIOR","mirror":true,"skip_rendering_if_too_far":false,"door_offset":"NONE","render_condition":"ALL","positions":[[0.0,12.0]],"whitelisted_cars":"","blacklisted_cars":"2,4,6"},{"name":"seat3","stage":"INTERIOR","mirror":false,"skip_rendering_if_too_far":false,"door_offset":"NONE","render_condition":"ALL","positions":[[-12.0,-60.0]],"whitelisted_cars":"","blacklisted_cars":"2,4,6"},{"name":"seat4","stage":"INTERIOR","mirror":false,"skip_rendering_if_too_far":false,"door_offset":"NONE","render_condition":"ALL","positions":[[12.0,-60.0]],"whitelisted_cars":"","blacklisted_cars":"2,4,6"},{"name":"seat3","stage":"INTERIOR","mirror":true,"skip_rendering_if_too_far":false,"door_offset":"NONE","render_condition":"ALL","positions":[[-12.0,60.0]],"whitelisted_cars":"","blacklisted_cars":"1,3,5"},{"name":"seat4","stage":"INTERIOR","mirror":true,"skip_rendering_if_too_far":false,"door_offset":"NONE","render_condition":"ALL","positions":[[12.0,60.0]],"whitelisted_cars":"","blacklisted_cars":"1,3,5"}],"transport_mode":"TRAIN","length":9,"width":2}