{
  "custom_trains": {
    "jsz0a": {
      "base_train_type": "base_9_2",
      "color": "3CEBC2",
      "texture_id": "mtr:z0a/z0a.png",
      "door_sound_base_id": "u12",
      "has_gangway_connection": false,
      "model": "mtr:z0a/z0a.bbmodel",
      "model_properties": "mtr:z0a/z0a.json",
      "name": "§lYutong U12 §7standard"
    },
    "jsz0alhd": {
      "base_train_type": "base_9_2",
      "color": "3CEBC2",
      "texture_id": "mtr:z0a/z0alhd.png",
      "door_sound_base_id": "u12",
      "has_gangway_connection": false,
      "model": "mtr:z0a/z0alhd.bbmodel",
      "model_properties": "mtr:z0a/z0alhd.json",
      "name": "§lYutong U12 §7LHD standard"
    },
    "jsz0a_lower": {
      "base_train_type": "base_9_2",
      "color": "3CEBC2",
      "texture_id": "mtr:z0a/z0a.png",
      "door_sound_base_id": "u12",
      "has_gangway_connection": false,
      "model": "mtr:z0a/z0a_low.bbmodel",
      "model_properties": "mtr:z0a/z0a.json",
      "name": "§lYutong U12 §7OnRail"
    },
    "jsz0alhd_lower": {
      "base_train_type": "base_9_2",
      "color": "3CEBC2",
      "texture_id": "mtr:z0a/z0alhd.png",
      "door_sound_base_id": "u12",
      "has_gangway_connection": false,
      "model": "mtr:z0a/z0alhd_low.bbmodel",
      "model_properties": "mtr:z0a/z0alhd.json",
      "name": "§lYutong U12 §7LHD OnRail"
    },
    "jsz0a_ghost": {
      "base_train_type": "base_9_2",
      "color": "3CEBC2",
      "texture_id": "mtr:z0a/z0a_ghost.png",
      "door_sound_base_id": "ghost",
      "has_gangway_connection": false,
      "model": "mtr:z0a/z0a_ghost.bbmodel",
      "model_properties": "mtr:z0a/z0a.json",
      "name": "§lYutong U12 §uGhostbus :)"
    }
  }
}