{"transport_mode":"TRAIN","length":19,"width":3,"door_max":12,"parts":[{"name":"UD7011LIGHT","stage":"ALWAYS_ON_LIGHTS","mirror":true,"skip_rendering_if_too_far":false,"door_offset":"NONE","render_condition":"ALL","positions":[[0.0,0.0]],"whitelisted_cars":"","blacklisted_cars":"2,3,4,5,6,7,8"},{"name":"UD7011INSIDE","stage":"INTERIOR","mirror":true,"skip_rendering_if_too_far":true,"door_offset":"NONE","render_condition":"ALL","positions":[[0.0,0.0]],"whitelisted_cars":"","blacklisted_cars":"2,3,4,5,6,7,8"},{"name":"UD7011LDOOR","stage":"EXTERIOR","mirror":true,"skip_rendering_if_too_far":false,"door_offset":"LEFT_NEGATIVE","render_condition":"ALL","positions":[[0.0,0.0]],"whitelisted_cars":"","blacklisted_cars":"2,3,4,5,6,7,8"},{"name":"UD7011RDOOR","stage":"EXTERIOR","mirror":true,"skip_rendering_if_too_far":false,"door_offset":"RIGHT_NEGATIVE","render_condition":"ALL","positions":[[0.0,0.0]],"whitelisted_cars":"","blacklisted_cars":"2,3,4,5,6,7,8"},{"name":"UD7011","stage":"EXTERIOR","mirror":true,"skip_rendering_if_too_far":false,"door_offset":"NONE","render_condition":"ALL","positions":[[0.0,0.0]],"whitelisted_cars":"","blacklisted_cars":"2,3,4,5,6,7,8"},{"name":"UT7011","stage":"EXTERIOR","mirror":false,"skip_rendering_if_too_far":false,"door_offset":"NONE","render_condition":"ALL","positions":[[0.0,-5.0]],"whitelisted_cars":"","blacklisted_cars":"1,-1"},{"name":"UT7011RDOOR","stage":"EXTERIOR","mirror":false,"skip_rendering_if_too_far":false,"door_offset":"LEFT_POSITIVE","render_condition":"ALL","positions":[[0.0,-5.0]],"whitelisted_cars":"","blacklisted_cars":"1,-1"},{"name":"UT701INSIDE","stage":"INTERIOR","mirror":false,"skip_rendering_if_too_far":true,"door_offset":"NONE","render_condition":"ALL","positions":[[0.0,-5.0]],"whitelisted_cars":"","blacklisted_cars":"1,-1"},{"name":"UT7011LIGHT","stage":"LIGHTS","mirror":false,"skip_rendering_if_too_far":false,"door_offset":"NONE","render_condition":"ALL","positions":[[0.0,-5.0]],"whitelisted_cars":"","blacklisted_cars":"1,-1"},{"name":"UT7011LDOOR","stage":"EXTERIOR","mirror":false,"skip_rendering_if_too_far":false,"door_offset":"RIGHT_POSITIVE","render_condition":"ALL","positions":[[0.0,-5.0]],"whitelisted_cars":"","blacklisted_cars":"1,-1"},{"name":"UD7012INSIDE2","stage":"INTERIOR","mirror":false,"skip_rendering_if_too_far":true,"door_offset":"NONE","render_condition":"ALL","positions":[[0.0,-5.0]],"whitelisted_cars":"-1","blacklisted_cars":"1,2,3,4,5,6,7"},{"name":"UD7012LIGHT2","stage":"LIGHTS","mirror":false,"skip_rendering_if_too_far":false,"door_offset":"NONE","render_condition":"ALL","positions":[[0.0,-5.0]],"whitelisted_cars":"-1","blacklisted_cars":"1,2,3,4,5,6,7"},{"name":"7012LDOOR","stage":"EXTERIOR","mirror":false,"skip_rendering_if_too_far":false,"door_offset":"RIGHT_POSITIVE","render_condition":"ALL","positions":[[0.0,-5.0]],"whitelisted_cars":"-1","blacklisted_cars":"1,2,3,4,5,6,7"},{"name":"7012RDOOR","stage":"EXTERIOR","mirror":false,"skip_rendering_if_too_far":false,"door_offset":"LEFT_POSITIVE","render_condition":"ALL","positions":[[0.0,-5.0]],"whitelisted_cars":"-1","blacklisted_cars":"1,2,3,4,5,6,7"},{"name":"UD7012","stage":"EXTERIOR","mirror":false,"skip_rendering_if_too_far":false,"door_offset":"NONE","render_condition":"ALL","positions":[[0.0,-5.0]],"whitelisted_cars":"-1","blacklisted_cars":"1,2,3,4,5,6,7"},{"name":"UD701_1_HM","stage":"EXTERIOR","mirror":true,"skip_rendering_if_too_far":false,"door_offset":"NONE","render_condition":"MOVING_FORWARDS","positions":[[0.0,0.0]],"whitelisted_cars":"1","blacklisted_cars":"2,3,4,5,6,7,8,%2"},{"name":"UT701_WITH_NO_MAKU","stage":"EXTERIOR","mirror":false,"skip_rendering_if_too_far":false,"door_offset":"NONE","render_condition":"ALL","positions":[[0.0,-5.0]],"whitelisted_cars":"","blacklisted_cars":"%2+1,1,-1"},{"name":"ONNA","stage":"EXTERIOR","mirror":false,"skip_rendering_if_too_far":true,"door_offset":"NONE","render_condition":"ALL","positions":[[0.0,-5.0]],"whitelisted_cars":"3","blacklisted_cars":"%2,%2+1"}]}